task_19-01-2021/2021-01-19-10-43-02.jpg,,,,,,1088,1920
task_20210415_UPS/20210415-111744_(6.0).jpg,,,,,,1088,1920
task_2021_11_03-04_cescau4/2021-11-03-15-32-44.jpg,,,,,,1080,1920
task_2021-03-01_11/20210301-114853_(6.0).jpg,,,,,,1088,1920
task_2021-03-01_16/20210301-165019_(5.0).jpg,,,,,,1088,1920
task_20211008_Moulis/2021-10-08-10-38-31.jpg,,,,,,1080,1920
task_20211008_Moulis/2021-10-08-12-01-20.jpg,,,,,,1080,1920
task_2021_11_03-04_cescau4/2021-11-03-15-32-47.jpg,,,,,,1080,1920
task_19-01-2021/2021-01-19-11-02-45.jpg,,,,,,1088,1920
task_2021-03-01_15/20210301-155322_(6.0).jpg,,,,,,1088,1920
task_20210418_UPS/20210418-081752_(5.0).jpg,,,,,,1088,1920
task_20210419_UPS/20210419-163109_(25.0).jpg,,,,,,1088,1920
task_2021_11_03-04_cescau4/2021-11-04-08-08-56.jpg,,,,,,1080,1920
task_2021-03-01_11/20210301-110404_(10.0).jpg,,,,,,1088,1920
task_20211008_Moulis/2021-10-08-14-58-07.jpg,,,,,,1080,1920
task_05-01-2021/2021-01-05-16-30-42.jpg,,,,,,1088,1920
task_20210624_balacet/2021-06-24-12-09-38.jpg,,,,,,1080,1920
task_20211008_Moulis/2021-10-08-13-17-24.jpg,,,,,,1080,1920
task_20210417_UPS/20210417-084855_(13.0).jpg,,,,,,1088,1920
task_05-01-2021/2021-01-05-17-07-38.jpg,,,,,,1088,1920
task_20211008_Moulis/2021-10-08-10-50-27.jpg,,,,,,1080,1920
task_2021-03-01_08/20210301-084138_(7.0).jpg,,,,,,1088,1920
task_20211008_Moulis/2021-10-08-10-53-20.jpg,,,,,,1080,1920
task_06-01-2021/2021-01-06-10-49-18.jpg,,,,,,1088,1920
task_20211008_Moulis/2021-10-08-10-51-27.jpg,,,,,,1080,1920
task_2021-03-01_07/20210301-075948_(5.0).jpg,,,,,,1088,1920
task_20211008_Moulis/2021-10-08-11-27-33.jpg,,,,,,1080,1920
task_2021-03-01_16/20210301-164905_(19.0).jpg,,,,,,1088,1920
task_19-01-2021/2021-01-19-13-15-28.jpg,,,,,,1088,1920
task_2021-03-01_13/20210301-134514_(9.0).jpg,,,,,,1088,1920
task_2021-03-01_08/20210301-080505_(6.0).jpg,,,,,,1088,1920
task_20210623_balacet/2021-06-23-10-34-23.jpg,,,,,,1080,1920
task_06-01-2021/2021-01-06-11-28-24.jpg,,,,,,1088,1920
task_20211008_Moulis/2021-10-08-10-49-06.jpg,,,,,,1080,1920
task_2021-03-01_08/20210301-080307_(6.0).jpg,,,,,,1088,1920
task_05-01-2021/2021-01-05-17-07-52.jpg,,,,,,1088,1920
task_2021-03-01_11/20210301-114500_(11.0).jpg,,,,,,1088,1920
task_20211008_Moulis/2021-10-08-13-07-50.jpg,,,,,,1080,1920
task_20211008_Moulis/2021-10-08-13-51-20.jpg,,,,,,1080,1920
task_20210420/20210420-064157_(5.0).jpg,,,,,,1088,1920
