iNat-1000/94983354.jpeg,181.6776140735619,141.60297547182887,308.2109363927693,332.06825266842355,MESNOI,500,500
iNat-1000/160863833.jpg,224.41011597790086,74.93347172372764,360.76467654622286,267.08038150986926,ACCMOU,500,333
task_19-01-2021/2021-01-19-11-01-20.jpg,,,,,,1088,1920
task_2021_11_03-04_cescau4/2021-11-04-08-34-01.jpg,958.656,508.896,1537.728,878.904,MESNON,1920,1080
iNat-1000/181996058.jpeg,188.51362022990045,116.2026218721302,290.7790286883547,251.73987958198282,MESBLE,500,333
task_2021_11_03-04_cescau4/2021-11-03-12-24-01.jpg,519.168,545.94,1100.928,829.224,MESNON,1920,1080
task_06-01-2021/2021-01-06-11-31-59.jpg,1047.744,775.6352,1881.408,1088,ACCMOU,1920,1088
task_06-01-2021/2021-01-06-11-31-59.jpg,1240.704,684.896,1462.656,819.9168,MESCHA,1920,1088
iNat-1000/172069666.jpg,251.42857142857144,81.42857142857143,348.7047120964701,200.0,MESHUP,500,333
iNat-1000/88773827.jpeg,70.57705309066789,123.54479548382461,276.37918339143243,249.64871456905664,ACCMOU,500,353
iNat-1000/181679719.jpeg,200.87451052769828,83.95384750457598,316.03388110353285,240.5220841009173,MESBLE,500,333
task_20210413_UPS/20210413-071807_(5.0).jpg,,,,,,1088,1920
iNat-1000/61416230.jpg,200.48303530786515,73.61563549405895,335.4355077022081,188.63321210956073,TOUTUR,500,375
task_06-01-2021/2021-01-06-11-45-53.jpg,1229.568,552.4864,1634.88,801.2032,PINARB,1920,1088
task_06-01-2021/2021-01-06-11-45-53.jpg,1105.728,665.5296,1920,972.3456,MESCHA,1920,1088
task_05-01-2021/2021-01-05-17-26-18.jpg,513.216,306.7072,847.296,902.9312,MESCHA,1920,1088
iNat-1000/152161648.jpeg,168.44634559657928,82.59589032359787,278.04861050972943,279.381932556502,VEREUR,500,374
task_2021-03-01_14/20210301-143121_(12.0).jpg,768,468.7104,1103.808,621.1392,MESBLE,1920,1088
task_20210523_UPS/20210523-173423_(23.0).jpg,618.432,500.3712,1267.392,1084.6272,PIEBAV,1920,1088
task_20210523_UPS/20210523-173423_(23.0).jpg,0,420.6208,1037.76,929.152,PIEBAV,1920,1088
iNat-1000/27911101.jpg,162.36772277519253,125.63839130572856,338.3366923224302,219.46946170140907,MESCHA,500,331
iNat-1000/153173795.jpeg,121.25,280.5078125,207.5,334.2578125,SITTOR,292,500
task_20211109_cescau1/2021-11-09-11-13-27.jpg,1295,226,1760,780,MESCHA,1920,1080
iNat-1000/50945402.jpeg,127.53158231111667,100.50646676616836,231.72442699321837,236.10612288456036,PINARB,500,333
task_2021_11_03-04_cescau4/2021-11-03-15-31-16.jpg,,,,,,1080,1920
iNat-1000/122016473.jpeg,148.2762715154541,197.78198863975146,259.1669300629332,337.49381829074963,PIEBAV,375,500
iNat-1000/163177077.jpeg,179.3775720654036,156.65270115880787,300.4034401745702,282.405161308578,MOIDOM,500,370
iNat-1000/88201649.jpg,93.93369494373853,117.20227961833253,252.0833272695017,388.0106087446565,MULGRI,375,500
iNat-1000/105975502.jpeg,187.62929131951432,127.85655251265369,316.36407512390974,268.7852848187224,PIEBAV,500,405
iNat-1000/156063725.jpg,173.48181698481434,167.57988874108048,351.68044079551225,342.38540716933795,SITTOR,500,500
task_20210414/20210414-104425_(8.0).jpg,412.992,167.7696,1067.136,951.1296,ECUROU,1920,1088
task_2021_11_03-04_cescau4/2021-11-03-11-44-57.jpg,956.16,474.336,1513.536,673.488,SITTOR,1920,1080
iNat-1000/55764879.jpg,188.36307491147636,115.02834561618188,317.87680357009714,234.6624696082928,VEREUR,500,375
task_05-01-2021/2021-01-05-16-46-13.jpg,1408.704,547.9168,1920,1088,SITTOR,1920,1088
task_05-01-2021/2021-01-05-16-46-13.jpg,825.984,156.128,955.2,314.432,MESCHA,1920,1088
iNat-1000/175378273.jpeg,61.553063415116334,64.99497986967924,286.25,241.7578125,SITTOR,500,375
iNat-1000/99319950.jpeg,191.14539968523027,130.34304249370751,326.9021200779343,281.2279900470293,MESNON,500,414
iNat-1000/45624524.jpeg,148.14063424946144,170.99223622111703,301.93153616169934,285.0856545450894,PINARB,500,375
task_20210228/20210228-121410_(6.0).jpg,615.552,399.296,1138.56,669.4464,MESCHA,1920,1088
iNat-1000/144922489.jpg,159.7762887917304,83.42479564564384,322.3536760960045,304.2539197856808,MULGRI,500,333
task_20210419_UPS/20210419-152641_(24.0).jpg,,,,,,1088,1920
task_2021_11_03-04_cescau4/2021-11-03-13-18-34.jpg,1373.952,397.116,1741.056,676.512,MESCHA,1920,1080
task_20210415_UPS/20210415-175650_(21.0).jpg,727.488,239.1424,1161.6,985.9456,ECUROU,1920,1088
iNat-1000/57693328.jpg,139.69506416372016,116.69079145806971,295.01405486192147,237.26229837538767,SITTOR,500,333
iNat-1000/110609075.jpg,135.78870615676388,63.177555397821976,368.79181691236073,282.81865070361425,MESNON,500,332
iNat-1000/8415441.jpeg,195.71036884260252,117.01604844350588,331.25,205.5078125,SITTOR,500,327
iNat-1000/60446344.jpg,94.62544965823868,30.478567552226803,298.47877823284,479.6458169683398,MESHUP,333,500
iNat-1000/91415122.jpeg,151.24501290452267,129.67766040174715,322.70170567475253,231.26877799504192,MOIDOM,500,375
task_20210624_balacet/2021-06-24-10-48-01.jpg,939.84,331.56,1169.472,628.668,ACCMOU,1920,1080
task_2021_11_03-04_cescau4/2021-11-03-15-10-07.jpg,1035.456,402.624,1459.392,708.588,PINARB,1920,1080
iNat-1000/179991221.jpg,129.6241771172084,128.30251251100213,320.06940961691856,251.1166944523487,MESBLE,500,413
iNat-1000/124593555.jpeg,171.38932999979545,110.89634101436869,289.80642384677435,233.4277917940348,VEREUR,500,333
iNat-1000/113098571.jpeg,155.08894817929442,128.73531894022537,318.8965155536708,270.74024445545285,SITTOR,500,401
iNat-1000/112791219.jpeg,185.75702182868415,147.0978778487569,337.5687379389754,300.6937450255601,MESBLE,500,439
iNat-1000/147460946.jpeg,163.00050009140733,158.99843933490348,284.10631997986553,289.78142983008286,SITTOR,375,500
iNat-1000/122010936.jpeg,185.48450137685072,114.4148653429361,292.69712680438425,362.43452633453404,VEREUR,500,472
iNat-1000/20844410.jpeg,188.16990519152944,125.47199317076218,327.8019641793917,255.19050772148438,VEREUR,500,413
task_20210615_Lab/2021-06-15-13-56-07.jpg,1182.912,705.888,1549.44,1080,MESCHA,1920,1080
task_2021_11_03-04_cescau4/2021-11-03-13-36-38.jpg,511.68,405.108,1136.832,767.772,PINARB,1920,1080
task_20210418_UPS/20210418-090702_(8.0).jpg,,,,,,1088,1920
task_2021-03-01_08/20210301-085941_(5.0).jpg,764.16,495.8016,1013.184,719.6032,VEREUR,1920,1088
iNat-1000/134786334.jpg,175.94520134854812,99.54910632773179,338.3482557689959,232.17702217944736,MULGRI,500,333
iNat-1000/114730072.jpeg,210.90031550564078,120.82824633780307,318.5352169895512,259.20042136633907,VEREUR,500,382
iNat-1000/75148562.jpg,196.01721723773971,102.2681891342744,295.0,184.25781250000003,MESCHA,500,343
task_20210624_balacet/2021-06-24-06-54-52.jpg,1069.056,418.392,1537.92,742.608,MULGRI,1920,1080
task_20210624_balacet/2021-06-24-06-54-52.jpg,547.968,455.004,835.584,1032.048,MULGRI,1920,1080
task_20210624_balacet/2021-06-24-06-54-52.jpg,712.128,221.508,1026.624,568.944,MULGRI,1920,1080
iNat-1000/109099593.jpg,244.13129085982462,113.12127905694108,369.9848832847069,249.33523388197403,MESHUP,500,413
task_20210525_UPS/20210525-174605_(45.0).jpg,793.152,0.2176,1918.464,1086.2592,ECUROU,1920,1088
task_2021-03-01_08/20210301-083431_(6.0).jpg,,,,,,1088,1920
task_2021_11_03-04_cescau4/2021-11-03-14-35-24.jpg,1267.968,506.196,1602.816,658.692,MESNOI,1920,1080
task_20210417_UPS/20210417-074729_(53.0).jpg,840.192,0,1773.312,1085.824,ECUROU,1920,1088
task_20210616_Lab/2021-06-16-06-54-27.jpg,1277.376,291.276,1626.432,660.204,MESCHA,1920,1080
task_2021-03-01_17/20210301-174801_(7.0).jpg,231.552,432.0448,796.992,833.408,MESCHA,1920,1088
iNat-1000/29553096.jpeg,223.4616221151417,111.72156235773217,394.61514200993105,223.09277887613214,MOIDOM,500,375
task_20210615_Lab/2021-06-15-08-34-58.jpg,1050.624,162.972,1412.352,449.172,MESCHA,1920,1080
task_20210615_Lab/2021-06-15-08-34-58.jpg,1260.096,316.116,1920,675.756,MESCHA,1920,1080
task_20211109_cescau1/2021-11-09-10-05-36.jpg,408,226,932,622,SITTOR,1920,1080
task_20210615_Lab/2021-06-15-11-05-27.jpg,773.76,215.784,1007.232,503.28,MESCHA,1920,1080
task_20210615_Lab/2021-06-15-11-05-27.jpg,1092.288,213.84,1756.032,485.892,MESCHA,1920,1080
task_20211008_Moulis/2021-10-08-11-39-38.jpg,,,,,,1080,1920
iNat-1000/99636052.png,197.86041189258324,108.71427998301716,317.1921503255696,234.39494687213332,VEREUR,500,371
iNat-1000/47012771.jpg,123.26972236685454,178.9483706937035,253.48261056846272,310.33129419564636,ROUGOR,375,500
iNat-1000/33719962.jpeg,186.0936861207677,122.33029467539589,287.3427348716046,278.90073052880905,MESBLE,500,400
iNat-1000/119706487.jpeg,142.47171811405605,53.13009499541671,291.7408828383954,254.7674695085932,ECUROU,500,331
iNat-1000/31649059.jpg,247.45498583666097,142.65085264511316,379.92506148960086,260.84597273330513,VEREUR,500,375
task_2021_11_03-04_cescau4/2021-11-03-12-39-36.jpg,579.264,485.136,1118.592,1035.936,MESCHA,1920,1080
task_20210616_Lab/2021-06-16-09-12-10.jpg,1482.624,256.716,1761.6,516.024,MESCHA,1920,1080
task_20210616_Lab/2021-06-16-09-12-10.jpg,1032.192,314.064,1432.896,664.416,MESCHA,1920,1080
iNat-1000/38807757.jpeg,185.4764838003958,110.61436152792213,294.35669196093244,213.6292416555928,ACCMOU,500,317
task_20211109_cescau1/2021-11-09-09-04-09.jpg,1059,295,1522,629,MESCHA,1920,1080
task_20211109_cescau1/2021-11-09-09-04-09.jpg,560,142,1026,470,MESNON,1920,1080
iNat-1000/111494069.jpeg,117.50000000000001,194.2578125,237.5,313.0078125,ECUROU,375,500
task_2021_11_03-04_cescau4/2021-11-03-14-58-19.jpg,1276.608,465.48,1572.48,648.864,MESNON,1920,1080
task_2021_11_03-04_cescau4/2021-11-03-14-58-19.jpg,1205.952,771.336,1540.032,1080,MESNON,1920,1080
task_19-01-2021/2021-01-19-10-34-16.jpg,,,,,,1088,1920
iNat-1000/123168927.jpeg,208.21352037883034,136.13451685210526,401.422260766932,236.760868786505,ECUROU,500,281
iNat-1000/112515440.jpeg,204.3079690709246,129.50812420229255,344.2036883283155,219.52629568065277,PINARB,500,337
iNat-1000/3606886.JPG,199.6922759776998,94.9521878720902,310.7713072618214,276.85120500941025,VEREUR,500,343
iNat-1000/53746959.jpeg,191.78332049716468,85.75568858138317,318.1526749245577,204.93562609379134,TOUTUR,500,281
iNat-1000/67039235.jpg,125.72753688387864,46.3481541561417,404.1289859971753,278.3086233293187,ECUROU,500,333
iNat-1000/178107846.jpeg,165.03256459502046,116.17152236576882,321.10987067243695,277.64006482522785,PIEBAV,500,429
iNat-1000/166468017.jpg,143.16525474969814,117.19222868269512,352.6639055470695,250.840231095142,MULGRI,500,375
iNat-1000/64013853.jpg,160.8455819977675,189.12738882136514,283.5023596136553,323.94759355548626,PIEBAV,500,500
iNat-1000/55419242.jpg,146.30397515248612,128.83618365322843,296.63011778950266,277.56342528278213,MESHUP,500,375
iNat-1000/105734015.jpg,49.22986787933151,147.81055464309432,448.10880792442003,296.66275421047595,ECUROU,500,442
iNat-1000/30695057.jpg,167.99241259737317,89.61678268488832,280.92545827081807,258.591512506102,VEREUR,500,375
task_20211008_Moulis/2021-10-08-13-05-45.jpg,,,,,,1080,1920
iNat-1000/115736038.jpg,108.53477643811455,145.70090329553378,332.53740182958325,397.09364198735767,MESHUP,487,500
iNat-1000/108984286.jpg,153.6908998532145,12.162573280542837,326.58931903960223,288.1274758887644,ECUROU,500,334
iNat-1000/152625405.jpg,264.583672032604,181.96844073561923,429.87127232088864,316.11329856392905,MESNON,500,393
task_20210624_balacet/2021-06-24-06-19-45.jpg,1055.616,360.504,1497.408,896.94,MULGRI,1920,1080
iNat-1000/177686871.jpg,204.85444320101604,122.90503371953365,379.68163035547934,236.3912677284906,MESNON,500,333
iNat-1000/14176181.jpg,196.56574289920613,83.80504277684732,328.01839093626086,261.4828395035425,SITTOR,500,375
task_20210525_UPS/20210525-154249_(22.0).jpg,345.408,370.2464,1094.208,1086.2592,PIEBAV,1920,1088
iNat-1000/129861563.jpg,188.3783947687432,173.76836835513436,356.2029933199867,277.48740066110304,MOIDOM,500,375
iNat-1000/132111444.jpeg,161.25,118.90049784420069,310.0,271.7578125,SITTOR,500,333
iNat-1000/71507522.jpeg,192.63496305589484,136.9602269411424,399.0390544018288,221.93922766525702,TOUTUR,500,333
task_20211109_cescau1/2021-11-09-11-42-49.jpg,792,205,1532,525,PINNOR,1920,1080
iNat-1000/13938610.jpeg,134.0468873959758,115.66708502531492,340.4828400991729,255.5848556220478,MESBLE,500,409
task_20210623_balacet/2021-06-23-12-28-06.jpg,991.872,329.616,1514.88,786.996,ACCMOU,1920,1080
iNat-1000/141875000.jpeg,189.4553603025912,111.53836097560988,301.3531882647705,288.4990783875493,MESBLE,500,417
iNat-1000/152625410.jpg,53.977950404896184,167.251413346013,255.5786280527423,303.7024499199232,MESNON,500,371
iNat-1000/53442438.jpg,188.57189047472872,85.83062398758489,296.5916912256399,226.86527999101955,PIEBAV,500,333
iNat-1000/149633745.jpeg,167.07547950576412,137.58903646076683,303.87603625763694,314.00154530778633,VEREUR,500,425
task_20211109_cescau1/2021-11-09-10-24-18.jpg,999,246,1259,488,SITTOR,1920,1080
task_20210418_UPS/20210418-101126_(11.0).jpg,633.792,430.0864,1180.032,1086.5856,ECUROU,1920,1088
iNat-1000/175034009.jpeg,207.80946699743154,127.57184447692876,341.09052475263366,215.8023547495485,MESNOI,500,333
iNat-1000/56678640.jpeg,160.027784574026,168.89928400860768,280.7957716819373,276.44232978564753,MOIDOM,500,375
iNat-1000/175601479.jpg,154.4366113105659,40.38673514157787,489.18102627399014,301.2231663695646,MESHUP,500,333
iNat-1000/119989461.jpeg,172.5,141.7578125,344.5587277209073,284.9022683090437,ECUROU,500,440
iNat-1000/113055116.jpeg,163.3230186292524,128.38616759332686,338.60673028642526,234.92911612266104,TOUTUR,500,333
iNat-1000/174906251.jpeg,178.72703924637597,93.85488752194189,401.03920725948876,288.0365264310518,MESHUP,500,375
iNat-1000/112226834.jpg,188.28627898005112,115.52617012404633,418.3328668505552,305.5797139462861,MESNOI,500,333
iNat-1000/74581270.jpeg,210.82211478644322,99.99999999999999,350.0,216.06659677583363,MESHUP,500,352
iNat-1000/55367829.jpg,172.2049764029851,105.51518572180409,282.019139443738,212.79919779381754,SITTOR,500,333
iNat-1000/106116285.jpg,188.86678521350305,121.34846728396786,310.4608810302005,265.65923808863465,MESNOI,500,362
task_2021-03-01_17/20210301-173738_(7.0).jpg,,,,,,1088,1920
task_20210418_UPS/20210418-172202_(31.0).jpg,5.76,418.7712,1918.08,1084.6272,PIEBAV,1920,1088
task_20210523_UPS/20210523-173623_(12.0).jpg,,,,,,1088,1920
iNat-1000/115181762.jpeg,185.55062295279413,170.56778441894247,314.5476724641565,290.8533423637809,ROUGOR,500,453
task_05-01-2021/2021-01-05-17-10-24.jpg,,,,,,1088,1920
iNat-1000/126887862.jpg,25.82207071828904,159.2578125,362.5,362.5367058235638,ECUROU,375,500
task_2021_11_03-04_cescau4/2021-11-04-06-46-16.jpg,1484.928,524.124,1904.064,804.06,MESNON,1920,1080
iNat-1000/69575822.jpg,129.7325996624579,142.51867496579032,342.0064048301542,263.2487622025655,MOIDOM,500,441
iNat-1000/79344520.jpeg,184.3201207999733,80.51299501493915,321.894797973426,289.04659198156764,MESNOI,500,375
task_2021_11_03-04_cescau4/2021-11-03-15-46-43.jpg,,,,,,1080,1920
task_20211109_cescau1/2021-11-09-10-20-14.jpg,591,217,1257,525,SITTOR,1920,1080
iNat-1000/179965608.jpeg,118.04302202413392,45.95421878472177,321.25,331.7578125,ECUROU,500,375
task_20210205/20210205-125632_06(18.0).jpg,929.472,426.708,1346.88,847.908,VEREUR,1920,1080
iNat-1000/84532451.jpg,171.4889717556969,134.26128200897276,304.63205576268757,390.03027898646275,MESHUP,500,416
task_2021_11_03-04_cescau4/2021-11-03-11-45-32.jpg,682.176,280.368,1308.672,812.16,ROUGOR,1920,1080
iNat-1000/112152132.jpeg,167.62582875176307,144.79890595476573,377.76909410688603,246.51229166449215,MESBLE,500,375
iNat-1000/41471458.jpg,177.14285714285714,85.71428571428571,301.42857142857144,341.4285714285714,MESHUP,500,500
iNat-1000/107609693.jpg,232.1577258565978,95.04483128617709,381.70527542093595,197.95694618731153,SITTOR,500,333
task_20211008_Moulis/2021-10-08-11-59-11.jpg,,,,,,1080,1920
iNat-1000/107515055.jpeg,237.17680592771904,64.92612490856398,413.2696277067785,158.82241924188662,ROUGOR,500,333
iNat-1000/157977910.jpg,102.20313980955619,50.59463720621337,220.5321249426208,287.7982172395177,PIEBAV,500,333
task_20210227/20210227-121410_(5.0).jpg,740.928,453.2608,1238.784,754.3104,PINARB,1920,1088
task_20210624_balacet/2021-06-24-11-23-44.jpg,,,,,,1080,1920
iNat-1000/180780317.jpg,141.42857142857144,132.85714285714286,427.14285714285717,267.14285714285717,MESHUP,500,335
task_20211109_cescau1/2021-11-09-09-23-42.jpg,1207,193,1744,643,ROUGOR,1920,1080
iNat-1000/89010569.jpeg,211.38351780391062,128.90503839011868,308.65680060971425,270.27442737992516,MOIDOM,500,333
iNat-1000/56396871.png,136.047636807471,103.40566516898178,303.5473399727424,243.52696098052283,ACCMOU,500,357
iNat-1000/150007554.jpeg,35.095036057620675,170.67398411933613,386.6536264953629,441.48696887394965,MULGRI,475,500
task_18-01-2021/2021-01-18-14-36-34.jpg,878.016,380.0384,1439.616,845.0496,MESBLE,1920,1088
iNat-1000/118916316.jpeg,189.18334980036138,142.82827446006323,302.1114454048939,261.40438614025027,MESNON,500,331
iNat-1000/96742771.jpg,203.6180861491233,99.84853843955887,400.73498132527425,278.6957338222731,MESHUP,500,350
iNat-1000/83727599.jpeg,133.80724272419985,184.59610869570423,336.03071191025253,320.4085667155143,MOIDOM,500,500
iNat-1000/86131309.jpg,136.00553561256473,161.76219330775322,357.2706761053318,305.9259224976004,SITTOR,500,500
iNat-1000/106864486.jpg,162.08916742810598,120.1344752223415,304.62583639561484,264.87101709808076,MESBLE,500,375
iNat-1000/99923688.jpeg,256.7047287306518,107.61891514697395,467.36785183058345,250.07981935302215,TOUTUR,500,375
iNat-1000/126914593.jpeg,269.7979875506609,103.1697811217361,378.38203333944506,255.29811184935315,ACCMOU,500,333
iNat-1000/104321676.jpeg,152.12345284693535,128.0078125,312.5,274.49820598522496,SITTOR,500,331
task_20210217/20210217-163045_06(11.0).jpg,973.056,314.82,1724.352,1079.352,VEREUR,1920,1080
iNat-1000/72442546.jpeg,117.97432092641256,120.78173868862594,360.5648105840828,320.6948354172275,MULGRI,500,375
iNat-1000/119157664.jpeg,222.9731166656356,142.99826586761267,327.71494157919267,268.943444927332,ACCMOU,500,333
iNat-1000/112602116.jpg,115.83566727752665,118.33157842485579,212.1505024128993,270.23834088303755,MESNON,500,375
iNat-1000/65235278.jpeg,172.98387575808306,105.46274493135178,296.25,198.0078125,TOUTUR,500,333
iNat-1000/128412740.jpg,206.86647171747123,151.56098472267806,334.4138922914934,281.8348012410359,MOIDOM,500,439
iNat-1000/61251185.jpeg,97.77179196582047,30.92342725596115,282.0447282587817,298.2028608735317,ECUROU,500,375
task_20210525_UPS/20210525-164838_(31.0).jpg,715.968,271.8912,1792.704,1088,PIEBAV,1920,1088
task_20210415_UPS/20210415-180627_(10.0).jpg,876.096,262.3168,1260.096,968.5376,ECUROU,1920,1088
task_20211109_cescau1/2021-11-09-09-30-51.jpg,673,200,1261,450,MESNON,1920,1080
iNat-1000/57956340.jpeg,194.13221003167445,153.59214244384373,315.6944570547353,290.27437646402035,PIEBAV,500,344
task_20210412/20210412-162340_(7.0).jpg,844.224,378.9504,1449.6,1088,ECUROU,1920,1088
task_2021_11_03-04_cescau4/2021-11-04-08-13-06.jpg,991.488,486.108,1495.488,753.084,SITTOR,1920,1080
iNat-1000/117121627.jpeg,196.08966068914478,171.7821694123484,336.3968638475936,308.25236996699175,TOUTUR,450,500
task_2021_11_03-04_cescau4/2021-11-03-11-28-13.jpg,1531.968,511.056,1841.472,866.7,SITTOR,1920,1080
task_20210415_UPS/20210415-174601_(23.0).jpg,473.664,92.48,1311.744,1088,ECUROU,1920,1088
iNat-1000/76707951.jpeg,204.37509495118567,122.65918672941574,305.7995696213702,327.2539485416343,VEREUR,500,375
task_20211109_cescau1/2021-11-09-11-45-43.jpg,451,207,1232,550,ROUGOR,1920,1080
iNat-1000/177441616.jpg,170.37839976255862,148.9133329014013,370.38246660452285,345.79737111978886,MESNON,500,500
task_05-01-2021/2021-01-05-16-25-53.jpg,,,,,,1088,1920
iNat-1000/114555138.jpg,67.09227296840194,174.4970687128947,265.45492349341515,487.98328515198864,ECUROU,434,500
task_05-01-2021/2021-01-05-17-35-32.jpg,860.736,532.3584,1622.976,1026.4192,ACCMOU,1920,1088
iNat-1000/53447762.jpg,170.4773198799313,96.75781250000001,317.5,245.21420502535707,TOUTUR,500,334
iNat-1000/66009382.jpg,123.30407361818862,74.03203861044177,319.3052056724218,175.23098382460475,PIEBAV,500,375
iNat-1000/109413873.jpg,142.64495196856197,169.92992956353683,295.92279305802566,373.8408670338197,MESNOI,500,500
iNat-1000/160055463.jpeg,127.0097364699012,29.088088408594558,278.02349581789184,457.87690687219265,ECUROU,375,500
iNat-1000/77300108.jpeg,209.09075789737435,119.84127895203405,328.3119238519408,222.98546267357625,ACCMOU,500,338
iNat-1000/108794479.jpeg,158.60504915218064,83.78225479396639,292.5657362926944,218.57643533760026,ROUGOR,500,380
iNat-1000/105784641.jpg,175.55795278563136,83.5737608311998,299.59253308512376,272.0417255463462,MESNOI,500,333
iNat-1000/79615562.jpeg,223.75,74.2578125,427.5,261.75781250000006,ROUGOR,500,434
task_2021-03-01_12/20210301-120131_(9.0).jpg,,,,,,1088,1920
iNat-1000/162871223.jpeg,211.0415625241662,155.69716082782114,346.85598765421634,244.91121905571447,PIEBAV,500,333
iNat-1000/182960734.jpeg,140.8358275527799,125.32159573413263,321.4536404990484,248.41895737222094,PINARB,500,375
iNat-1000/14501313.jpeg,187.9486809919765,157.472480025212,310.80137580232866,351.1357494485861,MOIDOM,500,500
iNat-1000/180253776.jpg,191.2108894970557,99.71684143356434,305.14279374615114,227.789296587509,PIEBAV,500,333
iNat-1000/23415777.jpg,273.4580617516525,80.0,370.0,298.5714285714286,MESHUP,500,333
iNat-1000/166437786.jpeg,198.41991392585308,138.10149641549782,328.828687912859,252.4449972145982,PIEBAV,500,375
iNat-1000/60036104.jpg,88.83402070972666,159.06410550197117,221.49792799510186,274.43969275657986,MESNOI,500,334
iNat-1000/35499147.jpg,177.1791644506999,110.20102351080288,295.4277211404767,384.68601290066516,ACCMOU,473,500
iNat-1000/49783628.jpeg,205.48363796599023,82.95347064234899,376.04968267717345,307.74149265956265,MESNON,500,377
iNat-1000/56505192.jpeg,255.73353060050997,93.10014789508863,429.40297955631405,201.90163615775128,MESNON,500,333
iNat-1000/173285489.jpeg,133.1574982445141,93.74539613462431,326.40061271521523,208.04397719419939,PIEBAV,500,375
iNat-1000/70312731.jpeg,278.6083471974309,99.94280515012527,399.7258292723558,234.4259880006667,MOIDOM,500,333
iNat-1000/31922435.jpeg,198.57142857142856,134.28571428571428,300.0,264.28571428571433,MESHUP,500,333
iNat-1000/104652599.jpeg,177.8656098844824,124.58746721477144,294.60196688132305,265.7506116913014,MESNON,500,333
task_05-01-2021/2021-01-05-17-00-17.jpg,359.616,295.936,939.84,762.7968,ROUGOR,1920,1088
iNat-1000/129612900.jpg,158.18186497084184,94.49152417775777,286.1292988547621,240.6148002411851,MESNOI,500,375
iNat-1000/82503439.jpeg,208.30072516010716,138.04972028394903,322.2534096477331,273.3465288881426,VEREUR,500,375
iNat-1000/121827812.jpeg,190.98924218185152,129.03065959671494,292.3023151742551,282.81122241545717,ROUGOR,500,375
iNat-1000/156710783.jpeg,140.05290012691052,97.4586311284507,312.63753017331226,222.79127583604222,PIEBAV,500,331
task_2021-03-01_15/20210301-151443_(7.0).jpg,725.568,472.6272,1041.984,675.2128,MESBLE,1920,1088
task_20211008_Moulis/2021-10-08-10-24-53.jpg,,,,,,1080,1920
iNat-1000/101870921.jpg,284.92060009718114,141.71450146421225,407.0401067816802,250.61336036630874,ROUGOR,500,333
task_2021_11_03-04_cescau4/2021-11-03-15-15-47.jpg,973.824,340.74,1332.672,685.692,MESNON,1920,1080
iNat-1000/112710044.jpeg,189.55908659651203,145.08208983792707,292.7680988004736,321.0572384175331,VEREUR,500,375
iNat-1000/153297569.jpeg,171.02971115632442,129.86279506176223,295.1910961399087,262.34031850665326,ROUGOR,500,375
iNat-1000/162811285.jpg,188.88523145588087,105.51868399127746,285.7499639674566,235.42821256601357,MOIDOM,500,334
iNat-1000/33614666.jpeg,183.0130951353269,142.0000129428208,321.6297618148263,263.2861744156501,PIEBAV,500,375
task_18-01-2021/2021-01-18-13-22-18.jpg,0,424.32,800.832,1088,MESNON,1920,1088
iNat-1000/181558256.jpeg,180.62701820245286,126.27097778004085,352.17519930217424,234.22612382581082,PINARB,500,375
task_19-01-2021/2021-01-19-11-29-18.jpg,,,,,,1088,1920
task_05-01-2021/2021-01-05-17-40-45.jpg,1086.336,266.1248,1713.6,895.2064,ROUGOR,1920,1088
iNat-1000/55836194.jpg,174.3290977849037,116.09619665489768,330.0,174.2578125,TOUTUR,500,367
iNat-1000/55836194.jpg,177.5,145.50781249999997,342.5,229.2578125,TOUTUR,500,367
iNat-1000/179280399.jpeg,182.81362544874833,74.49479386121095,287.1153904923614,196.10253447286186,PINARB,500,281
iNat-1000/66171239.jpg,124.33413312898973,148.7884044841969,313.4378718262036,291.12650443063075,ACCMOU,500,411
iNat-1000/128455252.jpeg,199.11875938717802,113.50343231761948,329.6285574963262,234.5274026434608,MESHUP,500,333
task_05-01-2021/2021-01-05-16-58-27.jpg,,,,,,1088,1920
iNat-1000/105596508.jpeg,132.68411231820386,115.91323397299206,311.14637127117703,245.44557738198964,PINARB,500,375
iNat-1000/97886840.jpg,103.3936622952289,112.07323783292546,206.1993129827819,230.26602491118865,MESBLE,500,333
iNat-1000/97886840.jpg,303.75,101.7578125,365.0,254.25781250000003,MESBLE,500,333
iNat-1000/73655299.jpeg,128.55697249420302,182.1579318066308,283.2051762885688,307.37771657374765,MOIDOM,424,500
iNat-1000/86438910.jpg,180.4366599948483,115.15673225232824,286.2406641625285,213.24969429298855,MOIDOM,500,333
iNat-1000/58761636.jpg,115.76999015648013,120.34713265766865,325.2802120540247,211.217759424361,MESNOI,500,333
iNat-1000/94826298.jpg,221.42857142857142,127.77390114548088,358.5714285714286,301.42857142857144,MULGRI,500,375
iNat-1000/70153928.jpg,197.97343487673405,102.57471561919041,290.7664718717533,261.61800628943104,VEREUR,500,333
task_20210523_UPS/20210523-175547_(17.0).jpg,889.92,477.5232,1916.16,1084.6272,PIEBAV,1920,1088
iNat-1000/105686814.jpg,213.05637625241943,126.13397751386371,338.78310117507647,233.1986124711773,VEREUR,500,350
task_05-01-2021/2021-01-05-17-35-12.jpg,1055.616,401.1456,1918.08,966.5792,ACCMOU,1920,1088
iNat-1000/184457376.jpeg,223.87163142620648,145.58527307263486,388.50641310851694,256.28534319369567,VEREUR,500,333
iNat-1000/173975812.jpg,230.72920715214215,117.53825897633642,401.1711860498499,256.4511606921924,MESNOI,500,353
iNat-1000/135673695.jpeg,152.09804567844054,109.3367380320711,287.71002052815214,227.40453568914154,PINARB,500,375
iNat-1000/9647706.jpg,137.14285714285714,77.14285714285714,371.71348243336183,251.75400518740312,MESHUP,500,375
iNat-1000/169017089.jpg,220.0,131.42857142857142,345.7142857142857,232.85714285714286,MESHUP,500,333
iNat-1000/77076557.jpeg,208.6371441740527,147.34519294956135,332.3552090265693,264.1334001738602,MESHUP,500,375
iNat-1000/180644888.jpeg,206.75188748433587,136.7578125,302.5,229.2578125,ROUGOR,500,375
task_05-01-2021/2021-01-05-16-59-11.jpg,1108.416,529.0944,1920,1076.576,MESBLE,1920,1088
iNat-1000/54770823.jpeg,115.71428571428571,91.42857142857143,327.1428571428571,254.28571428571428,MULGRI,500,375
task_2021_11_03-04_cescau4/2021-11-03-15-36-59.jpg,603.264,374.22,1038.72,801.36,ROUGOR,1920,1080
iNat-1000/66257743.jpeg,169.9310252743463,114.51118664258543,283.513246102028,223.45612955138347,ACCMOU,500,375
iNat-1000/127518709.jpeg,161.63058572838509,104.61234471618891,354.76038885004976,251.38251518610093,MULGRI,500,375
iNat-1000/20408104.jpg,180.87111381107894,81.08206726224506,314.8432212882458,274.4904278158138,ACCMOU,500,366
iNat-1000/5118161.jpeg,132.3600960875488,68.10740880145755,396.47391253936223,333.51585858497424,MESHUP,500,375
iNat-1000/164214668.jpg,150.0,41.12416977673787,496.6551426285753,317.14285714285717,MULGRI,500,375
iNat-1000/172898269.jpeg,114.21252819028915,143.20794271543596,250.1199618486591,248.2641402717038,PINARB,500,375
iNat-1000/165067447.jpeg,201.58489081432427,104.49172167411879,311.638403506978,265.8770029029702,PINARB,500,363
iNat-1000/80958966.jpg,199.30848633208024,179.18313021461992,333.72489390319595,336.8969891990276,MESBLE,500,496
iNat-1000/109730756.jpeg,252.86593873734103,120.50781250000001,381.25,214.95132292190704,ROUGOR,500,333
iNat-1000/130141965.jpg,160.44430136216232,155.7074139272283,369.8735758130009,268.9290555653114,MOIDOM,500,426
iNat-1000/174686121.jpeg,183.94741445436063,89.25781250000001,295.0,209.98769026432225,MESBLE,500,333
task_2021_11_03-04_cescau4/2021-11-03-12-12-04.jpg,838.08,385.884,1489.152,698.328,PINARB,1920,1080
iNat-1000/16966353.jpg,142.03558383011634,117.5168692181089,251.24999999999997,208.0078125,MOIDOM,500,333
iNat-1000/16966353.jpg,307.5,111.7578125,398.75,180.50781250000003,MOIDOM,500,333
task_2021_11_03-04_cescau4/2021-11-04-07-22-12.jpg,1356.096,492.372,1545.024,671.544,MESNOI,1920,1080
iNat-1000/116798751.jpg,22.857142857142858,41.42857142857143,331.4285714285714,342.85714285714283,MESHUP,500,375
iNat-1000/180201604.jpeg,273.15574682532946,116.56660269241287,455.2852278974892,256.70039045491427,MESBLE,500,375
iNat-1000/115040275.jpg,71.48959337641196,138.71974998202865,224.0645874984573,260.7819407465625,MESNOI,500,333
iNat-1000/113469097.jpeg,176.03424041529897,136.0279378027353,284.2912550015752,249.96547890104574,ROUGOR,500,333
iNat-1000/60317708.jpg,206.86982453259893,188.02183766499428,347.59807251201,331.17564275901503,MOIDOM,500,500
iNat-1000/25888906.jpeg,155.8306323392773,139.61933117943127,341.8258031413042,242.01724857793295,ACCMOU,500,375
iNat-1000/163702319.jpeg,173.07144699774364,109.70538265522671,280.78083822424605,292.01576745572476,MOIDOM,500,375
iNat-1000/112431748.jpeg,102.55973751616222,97.59193277756209,331.5295723255931,239.29063061240112,MESNOI,500,358
iNat-1000/118934602.jpg,117.53961313068099,113.5069355060947,244.60230386009468,231.9977274477624,MESBLE,500,333
iNat-1000/125044746.jpeg,168.20849835496523,115.3951279880549,276.5602929409233,224.118230851901,TOUTUR,500,375
iNat-1000/28618817.jpg,126.04417049983174,143.31545497134368,339.29643091344866,286.9187995592701,MESNOI,500,425
iNat-1000/176243501.jpg,152.75357142358195,120.11764856660163,300.6722216614679,233.8826224748229,MESBLE,500,345
iNat-1000/129846362.jpg,178.07192547694305,144.36129247941003,293.97297719026704,295.9658037039183,MOIDOM,500,428
iNat-1000/77388150.jpg,136.373777379028,145.56003186271104,361.2036961790244,241.36532202615115,TOUTUR,500,381
iNat-1000/75058269.jpeg,206.81130436555026,201.14358559189847,335.9657886828529,343.75391681780457,ACCMOU,500,500
iNat-1000/60036071.jpg,97.91153838437404,144.02877006931143,226.70800959577338,245.6453200224232,MESNOI,500,334
iNat-1000/72937821.jpg,175.04804375384862,120.28919865302235,283.1304490565115,238.8908245394861,ROUGOR,500,375
iNat-1000/159638166.jpg,162.61678916777552,115.98956423794456,294.16559920344696,244.85042071997347,ROUGOR,500,350
iNat-1000/73059514.jpeg,116.29415876613145,60.03558020487591,325.5106430718729,180.55225120307242,TOUTUR,500,375
task_2021_11_03-04_cescau4/2021-11-04-06-48-57.jpg,725.952,404.46,1380.864,760.428,PINARB,1920,1080
iNat-1000/103614148.jpeg,183.75,156.96641509127366,279.1805245283838,296.7578125,ROUGOR,500,375
iNat-1000/114255789.jpeg,174.55120573866208,97.43705156834844,300.5074429935286,243.88466886997998,MESNOI,500,333
iNat-1000/146687367.jpg,118.09603615879251,156.29464285714283,374.2857142857143,277.0089747803707,PINARB,500,439
iNat-1000/178908561.jpg,124.73265438480973,162.86213116127968,236.86394307528286,301.71300396086355,MESNOI,414,500
iNat-1000/17511606.jpeg,159.63836255586145,112.73104218156466,295.7520658370809,216.82472254162772,ACCMOU,500,331
iNat-1000/167031461.jpeg,166.60873531296744,147.22383443418377,304.7692292713044,292.7158227345775,TOUTUR,500,375
iNat-1000/99947218.jpeg,194.8427930649249,167.24065893992875,354.3453206843975,343.826685111034,MULGRI,500,375
iNat-1000/118381788.jpg,195.64522726477577,186.38757321398177,308.87222411167727,342.5714144396144,PINARB,500,500
iNat-1000/184312363.jpeg,163.96457427641698,145.21934560251142,342.69313186052176,263.2946599900897,MESNOI,500,419
iNat-1000/57541507.jpg,118.57142857142858,98.57142857142857,332.85714285714283,254.28571428571428,MULGRI,500,375
iNat-1000/134665540.jpeg,47.14220510787648,126.70336635932135,457.5868178394907,250.5443006407983,MULGRI,500,375
iNat-1000/160430154.jpeg,-5.137391855033458,-21.68799071637381,256.1113311428969,520.8710078567932,MULGRI,246,500
iNat-1000/128622887.jpeg,189.86007446806082,64.3843338815587,413.38340122048083,343.9441078072838,ACCMOU,500,407
iNat-1000/14290742.jpg,29.689011998846077,73.29727826670985,445.38682882735657,230.48514380109293,TOUTUR,500,323
iNat-1000/102184835.jpeg,132.85714285714286,74.28571428571428,351.42857142857144,258.57142857142856,MULGRI,500,333
iNat-1000/63460610.jpg,250.11306893451663,160.89080950583326,427.33680556927123,251.77030545019073,PINARB,500,313
iNat-1000/118754419.jpeg,204.3790678989916,102.61836265634244,316.5811240812526,253.13465482371637,PINARB,500,357
iNat-1000/33517492.jpeg,236.25,158.00781250000003,314.1073391560819,218.50561030523596,TOUTUR,500,333
iNat-1000/33517492.jpeg,221.25,106.7578125,308.75,186.7578125,TOUTUR,500,333
iNat-1000/146248007.jpeg,147.66800405439346,74.02785746564126,400.3390703431286,290.74017099013065,TOUTUR,500,369
iNat-1000/174398866.jpg,165.1422143279017,99.5907160051891,276.8861504268648,195.00254219989,TOUTUR,500,333
iNat-1000/55770479.jpg,190.60968286783398,175.6811815309669,309.60671686331705,325.08251826819946,MULGRI,375,500
iNat-1000/139909326.jpg,218.6178027258063,75.58354134669659,395.103463983929,171.90050108377335,TOUTUR,500,312
task_20211109_cescau1/2021-11-09-11-42-41.jpg,528,232,837,643,PINNOR,1920,1080
